AK02;1
AE03;1
AE05;1
A105;1
A205;1
A207;1
A208;1
A209;1
A214;1
A215;1
A306;1
A307;1
A308;1
A311;1
A312;1
A401;1
A407;1
A408;1
A412;1
A413;1
A416;1
HU01;1
HU02;1
HU03;1
HU05;1
HU06;1
HU10;1
HU11;1
HU11b;1
HE05;1
HE06;1
HE07;1
HE08;1
HE09;1
H104;1
H108;1
H123;1
H128;1
IU01;1
IU10;1
Pool;1
Pool2;1
IE58;1
I162;1
I163;1
I164;1
I101;1
I160;1
I201;1
I202;1
I202A;1
I208;1
I209;1
I210;1
I211;1
I212;1
I213;1
I251;1
I261;1
I263;1
I264;1
I265;1
I301;1
I306;1
I309;1
I310;1
I314;1
I351;1
I358;1
I359;1
I401;1
I402;1
I403;1
I410;1
I411;1
I412;1
I412b;1
S101;1
S102;1
S103;1
S104;1
S201;1
S202;1
S203;1
S204;1
VA1;1
VA2;1
IE56;1
HE24;1
HE27;1
HE29;1
H103;1
HE25;1
H101;1
H126;1
I202B;1
I205;1
HE04;1
HE03;1
HE01;1
A107;1
A106;1
A301;1
A302;1
I117;1
I118;1
I119;1
A313;1
A111;1
A201;1
A202;1
A110;1
AE07;1
AE08;1
AE01;1
AE02;1
A402a;1
A402b;1
A403;1
